﻿Designator,Footprint,Quantity,Value,LCSC Part #
"D1, D10, D11, D12, D13, D14, D15, D16, D17, D18, D19, D2, D20, D21, D22, D23, D24, D3, D4, D5, D6, D7, D8, D9",Diode_SOD-123,24,D,
J1,USB_C_Receptacle_G-Switch_GT-USB-7010ASV,1,USB_C_Receptacle_USB2.0_16P,
"R1, R2",0402,2,27,
"R3, R4",0402,2,5k1,C25905
"SW1, SW10, SW11, SW12, SW13, SW14, SW15, SW16, SW17, SW18, SW19, SW2, SW20, SW21, SW22, SW23, SW24, SW3, SW4, SW5, SW6, SW7, SW8, SW9",CPG1316S01D02_reversible_mikefives,24,SW_Push_3pin_GND,
U1,Raytac_MDBT50Q,1,MDBT50Q-1MV2,
U4,SOT-23-6,1,USBLC6-2SC6,C5180249
